{
    "Loss": [
        1.2283691061407869,
        1.0179857831585772,
        0.9367465287577442,
        0.8601744576142385,
        0.7986104783041169,
        0.7404990620058428,
        0.6858794645378931,
        0.6400418040564538,
        0.6033804469029556,
        0.5685196312760621,
        0.5340694017973895,
        0.5038936007872755,
        0.4814513678976414,
        0.45973371859730744,
        0.43746468486302786,
        0.4199479698640917,
        0.4044230320142015,
        0.3907635125696771,
        0.37605511097515876,
        0.3652855084930605
    ],
    "mAP": [
        0.209,
        0.241,
        0.232,
        0.296,
        0.274,
        0.334,
        0.345,
        0.362,
        0.361,
        0.308,
        0.363,
        0.381,
        0.357,
        0.388,
        0.378,
        0.386,
        0.387,
        0.387,
        0.403,
        0.374
    ],
    "mAR": [
        0.27,
        0.316,
        0.297,
        0.365,
        0.334,
        0.386,
        0.409,
        0.404,
        0.414,
        0.36,
        0.415,
        0.438,
        0.397,
        0.432,
        0.427,
        0.429,
        0.434,
        0.433,
        0.444,
        0.423
    ]
}